sku,brand,name,price_brl,catalog_page
DS024,Dermosex Mature,"Água Refrescante Corporal Dermosex - 100ml",69.8,None
DS021,Dermosex Mature,"Creme Corporal Super Hidratante- Dermosex - 220g",79.8,None
DS022,Dermosex Mature,"Sérum Íntimo Concentrado Hidratante Dermosex - 15ml",154.0,None
DS006,Dermosex,"Sabonete Líquido Íntimo para Região Anal Dermosex - 200 ml",56.8,None
DS009,Dermosex,"Sabonete Íntimo em Barra Hidratante Dermosex - 90g",29.8,None
DS005,Dermosex,"Espuma Higienizadora Íntima Dermosex- 50ml",75.8,None
DS018,Dermosex,"Sabonete Intimo Hidratante Feminino Dermosex - 210ml",69.8,None
DS019,Dermosex,"Sabonete íntimo HIdratante Masculino Dermosex - 210ml",72.8,None
DS002,Dermosex,"Esfoliante Hidratante para Região Pélvica Dermosex - 120ml",79.8,None
DS004,Dermosex,"Creme Clareador para Virilha Dermosex - 60g",65.8,None
DS001,Dermosex,"Creme Hidratante para Região Pélvica Dermosex - 60g",69.8,None
DS007,Dermosex,"Gel Lubrificante e Hidratante Pélvico Dermosex - 220ml",74.8,None
DS008,Dermosex,"Desodorante Íntimo feminino Dermosex - 100ml/60 g",64.8,None
DS017,Dermosex,"Desodorante Íntimo Masculino Dermosex - 100ml/60g",69.8,None
DS012,Dermosex,"Óleo Mineral para Massagem Sensual - 145ml",59.8,9
DS020,Dermosex,"Talco íntimo Dermosex - 100g",56.8,9
DS003,Dermosex,"Tônico Purificante para Região Pélvica Dermosex - 120ml",69.8,9
IA424,Dermosex Mature (My Series),"Vibrador e Estimulador  Sugador Recarregável My Moment",349.0,10
IA449,Dermosex Mature (My Series),"Estimulador de Clitóris Sugador Recarregável My Touch",329.0,10
AS346,Natural Sex,"Sabonete Íntimo em Barra Natural Sex - 90g",21.8,11
AS347,Natural Sex,"Sabonete Íntimo Líquido Natural Sex - 250ml",52.8,11
BS003,Biosex,"Argila Verde para Região Pélvica Biosex - 40g",29.8,11
BS005,Biosex,"Blend de Óleos p/ Massagem Sensual Biosex - 145ml",49.8,11
BS001,Biosex,"Sabonete Íntimo Líquido de Coco Biosex - 220ml",54.8,11
BS002,Biosex,"Gel Lubrificante pra Região Pélvica Biosex - 220ml",54.8,11
LV015,Olove,"Vela Hidratante Beijável Olove Chocolate - 70g",69.8,11
LV016,Olove,"Vela Hidratante Beijável Olove Morango - 70g",69.8,11
LV024,Olove,"Mousse beijável para massagem corporal Olove Milkshake - 50ml",59.8,11
LV014,Olove,"Gel Excitante Beijável Olove Grego - 15g",49.8,11
LV025,Olove,"",69.8,11
LV012,Olove,"Hidratante Sensual Beijável Olove Pink Jelly Chiclete - 250g",69.8,18
LV013,Olove,"Hidratante Sensual Beijável Olove Purple Jelly Amora 250g",69.8,18
LV017,Olove,"Óleo Beijável Olove Sentidos Chiclete - 30ml",24.0,18
LV019,Olove,"Óleo Beijável Olove Sentidos Morango - 30ml",24.0,18
LV020,Olove,"Óleo Beijável OLove Sentidos Algodão Doce - 30ml",24.0,18
LV018,Olove,"Óleo Beijável Olove Sentidos Menta Ice- 30ml",24.0,19
LV021,Olove,"Óleo Beijável Olove Sentidos Mel",24.0,19
LV022,Olove,"Gel Excitante Beijável Loveshock Morango Olove- 15 g",49.8,19
LV023,Olove,"Gel Excitante Beijável Loveshock Chiclete Olove -  15g 80",49.8,19
LV029,Olove,"Perfume Feromônio Sensual Olove Seduction - 55 ml",119.8,19
LV028,Olove,"Perfume Feromônio Sensual Olove Sexy - 55ml",119.8,19
LV027,Olove,"Perfume Feromônio Sensual Olove Instinto - 50 ml",119.8,19
LV007,Olove,"Óleo para Massagem Sensual Olove Massage - 120ml",49.8,19
LV008,Olove,"Desodorante Íntimo Olove Seduction - 60g/100ml",49.8,19
LV009,Olove,"Mousse Corporal Efervescente Olove Explosion - 100g/150ml",89.8,19
LV001,Olove,"Gel Excitante Olove Beijável Amoracita - 10g",49.8,19
LV002,Olove,"Gel Excitante Olove Beijável Melancita - 10g",49.8,19
LV005,Olove,"Gel Excitante Olove Strong - 10g",49.8,22
LV006,Olove,"Gel Prolongador Olove Control+ - 10g",49.8,22
LV011,Olove,"Spray bucal Olove Gulosa - chiclete - 15ml",49.8,22
LV010,Olove,"Refrescante Bucal Extra Forte Olove Refresh - 30ml",49.8,22
LV003,Olove,"Gel Lubrificante Beijável Olove Gelatto Morango- 30g",49.8,22
LV004,Olove,"Gel Excitante Beijável Olove Muchacha  - 10g",49.8,22
AS350,The Secret,"Deo Colônia Afrodisíaca The Secret - 50ml",129.0,23
AS351,The Secret,"Deo Colônia Afrodisíaca The Secret Gold - 50ml",129.0,23
AS349,The Secret,"Gel  Esfoliante The Secret Gold - 220ml",49.0,23
AS342,The Secret,"Body Splash The Secret 3 em 1 - 200ml",89.8,23
AS345,The Secret,"Body Splash The Secret Gold 3 em 1  - 200ml",89.8,23
AS348,The Secret,"Creme Esfoliante The Secret - 220ml",49.0,23
AS334,The Secret,"Creme Hidratante The Secret - 220ml",54.8,27
AS220,The Secret,"Elixir Da Sedução The Secret 10 em 1 - 200ml",89.8,27
AS319,The Secret,"Elixir da Sedução The Secret Gold 10 em 1 - 200 ml",89.8,27
AS289,Hombre,"Elixir da Sedução Hombre 12 em 1 - 200ml",75.8,27
AS279,Tantra,"Vela Para Massagem Sensual Tantra Ylang Ylang - 80g",69.0,28
AS362,Tantra,"Óleo Sensual Beijável Tantric Morango - 120 ml Óleo Sensual Para Massagem Sensual Tantric Mystic Argan - 120 ml Óleo Sensual Para Massagem Sensual Tantric Bergamota - 120 ml",89.8,28
AS363,Tantra,"Óleo Sensual Beijável Tantric Morango - 120 ml Óleo Sensual Para Massagem Sensual Tantric Mystic Argan - 120 ml Óleo Sensual Para Massagem Sensual Tantric Bergamota - 120 ml",89.8,28
AS361,Tantra,"Óleo Sensual Beijável Tantric Morango - 120 ml Óleo Sensual Para Massagem Sensual Tantric Mystic Argan - 120 ml Óleo Sensual Para Massagem Sensual Tantric Bergamota - 120 ml",89.8,28
AS062,Lubrisex,"Gel Lubrificante Lubrisex - 60g",29.8,28
AS140,Lubrisex,"Gel Lubrificante com Aquecimento Lubrisex Hot - 60g",35.8,28
AS343,Lubrisex,"Gel Lubrificante Lubrisex Deslize - 60g",54.8,28
AS288,Lubrisex,"Gel Lubrificante Lubrisex Premium - 60g",75.8,28
AS296,Lubrisex,"Gel Lubrificante Beijável Lubrisex Peppermint - 60g",35.8,28
AS290,Lubrisex,"Gel Lubrificante Beijável Lubrisex Morango Hot - 60 g",35.8,28
AS294,Lubrisex,"Gel Lubrificante Beijável Lubrisex Algodão Doce - 60g",35.8,33
AS295,Lubrisex,"Gel Lubrificante Beijável Black Mentol Extra Forte - 60g",35.8,33
FE001,Feminist,"Kit de Dilatadores Vaginais Feminist Lisos - 8 un",229.0,33
AS359,Feminist,"Gel Lubrificante Hidra Confort - 220g",69.8,33
AS360,Feminist,"Gel Lubrificante Hidra Confort - 70g",34.8,33
IA383,Feminist,"Kit de Dilatadores Vaginais 3 em 1 Feminist - 03 un",140.0,33
IA352,Feminist,"Vibrador Multivelocidade para Pompoarismo Feminist - Rosa",39.0,33
IA410,Feminist,"Disco Menstrual Feminist A - 30 ML",43.75,36
IA411,Feminist,"Disco Menstrual Feminist B - 50 ML",43.75,36
IA412,Feminist,"Bag de Silicone para Disco Menstrual",16.0,36
PC058,Feminist,"Coletor Menstrual Feminist Modelo B - 25 ml",37.5,36
PA060,Feminist,"Cone para Pompoarismo Feminist Rosa - 20g",20.0,36
PA061,Feminist,"Cone para Pompoarismo Feminist Amarelo - 32g",20.0,36
PA062,Feminist,"Cone para Pompoarismo Feminist Marfim - 45g",20.0,36
PA063,Feminist,"Cone para Pompoarismo Feminist Verde - 57g",20.0,36
PA064,Feminist,"Cone para Pompoarismo Feminist Azul - 70g",20.0,36
PC065,Feminist,"Kit para Pompoarismo Feminist com 5 Cones",99.89,36
PA067,Feminist,"Conjunto Ben-Wa Feminist com 02 Bolas - Rosa Bebê",25.0,38
PA068,Feminist,"Conjunto Ben-Wa Feminist com 02 Bolas - Marfim",25.0,38
PA069,Feminist,"Conjunto Ben-Wa Feminist com 04 Bolas - Rosa Bebê",25.0,38
PA070,Feminist,"Conjunto Ben-Wa Feminist com 04 Bolas - Marfim",25.0,38
PC066,Feminist,"Kit Pompoar para Exercícios de Pompoarismo Feminist",89.9,38
PC051,Feminist,"Toalha Compacta Descartável para Higiene Feminist - 10 Un",27.8,38
IA431R,By Ingrid Guimarães,"Estimulador clitóris recarregável Magic Rabbit 3 em 1",399.0,39
AS339,By Ingrid Guimarães,"Gel Excitante Feminino Prazer Dela - 10 ml",51.8,39
IA431L,By Ingrid Guimarães,"Gel Excitante Feminino Prazer Dela - 10 ml",51.8,39
IA468,Sweet Vibe,"Vibrador Recarregável Sweet Vibe Mexe",330.0,39
IA467,Sweet Vibe,"Vibrador Recarregável Sweet Vibe Revira",330.0,39
IA453R,Sweet Vibe,"Dedeira Vibratória Recarregável Sweet Vibe Cafuné",129.0,43
IA453L,Sweet Vibe,"Dedeira Vibratória Recarregável Sweet Vibe Cafuné",129.0,43
IA420AZ,Sweet Vibe,"IA420AM Vibrador Multivelocidade Sweet Vibe Dengo",125.0,43
IA420VE,Sweet Vibe,"IA420AM Vibrador Multivelocidade Sweet Vibe Dengo",125.0,43
IA450S,Sweet Vibe,"Estimulador Clitóris Recarregável Sweet Vibe Xêro",149.0,43
IA450V,Sweet Vibe,"Estimulador Clitóris Recarregável Sweet Vibe Xêro",149.0,43
IA456,Sweet Vibe,"Masturbador Sweet Vibe Aconchego",119.8,43
IA451,Go Vibe,"Vibrador Tripla Estimulação Pulse Recarregável Go Vibe Jazz",349.0,43
IA406,Go Vibe,"Cápsula Vibratória Multivelocidade Recarregável Go Vibe Pink",100.0,43
IA363,Go Vibe,"Cápsula Vibratória Mult. Recarregável Go Vibe Yellow",100.0,43
IA362,Go Vibe,"Cápsula Vibratória Mult. Recarregável Go Vibe Purple",100.0,43
IA360,Go Vibe,"Cápsula Vibratória Mult. Recarregável Go Vibe Red",100.0,43
IA407,Go Vibe,"Cápsula Vibratória Mult. Recarregável Go Vibe Black",100.0,43
IA415,Go Vibe,"Dedeira Vibratória Recarregável Go Vibe Bia",99.0,49
IA309,Go Vibe,"Dedeira Vibratória Recarregável Go Vibe Lia",99.0,49
IA433,Go Vibe,"Estimulador de Clitóris Recarregável Go Vibe Mia",299.0,49
IA380,Go Vibe,"Vibrador e Estimulador de Clitóris Recarregável Go Vibe You",239.2,49
IA444,Go Vibe,"Estimulador de Clitóris Recarregável Go Vibe Love",228.65,49
IA442,Go Vibe,"Vibrador Recarregável Go Vibe Girls",299.0,52
IA432,Go Vibe,"Vibrador e Estimulador Recarregável Go Vibe Lis",299.0,52
IA454R,Go Vibe,"Dildo com Ventosa e  Vibrador Recarregável Go Vibe Nina",280.0,52
IA454A,Go Vibe,"Dildo com Ventosa e  Vibrador Recarregável Go Vibe Nina",280.0,52
IA452,Go Vibe,"Vibrador de Calcinha Estimulador Recarregável Go Vibe Cora 84",288.15,52
IA423,Go Vibe,"Estimulador de Clitóris Recarregável Go Vibe Jack",229.0,52
IA457,Go Vibe,"Anel Vibratório Go Vibe Zac",219.8,52
IA458,Go Vibe,"Anel Vibratório Go Vibe Sky",219.8,52
IA465,Sensevibe,"Estimulador de Clitóris Recarregável Sensevibe Multi",379.0,52
IA466,Sensevibe,"Vibrador e Estimulador Recarregável Sensevibe Curve",449.0,52
IA464,Sensevibe,"Anel Vibratório Recarregável Sensivibe Ring",349.0,52
IA445,Sensevibe,"Vibrador Recarregável Sensevibe Digital Couple",520.0,52
IA446,Sensevibe,"Vibrador Recarregável Sensevibe Digital Rabbit",460.0,56
IA448,Sensevibe,"Vibrador Recarregável Sensevibe Digital Wand",560.0,56
IA447,Sensevibe,"Estimulador Sugador de Clitóris Sensevibe Digital Suck",390.0,56
IA321,Sensevibe,"Estimulador de Clitóris Recarregável Sensevibe Smart",499.0,56
IA305,Sensevibe,"Estimulador de Clitóris Recarregável Sensevibe Fast",248.74,56
IA355,Sensevibe,"Vibrador Recarregável Sensevibe Ultrasonic",99.9,56
IA353,Sensevibe,"Vibrador Recarregável Sensevibe Couple",449.8,56
IA400,Sensevibe,"Vibrador Estimulador Recarregável Sensevibe Double",199.0,56
IA357,Sensevibe,"Cápsula Vibratória Mult. Recarregável Sensevibe Sweet",124.99,56
IA356,Sensevibe,"Cápsula Multivelocidade Recarregável Sensevibe Cute",124.99,56
IA401,Sensevibe,"Estimulador de Clitóris Recarregável Sensevibe Slim",239.0,59
IA405,Sensevibe,"Vibrador e Sugador Recarregável Sensevibe Mega Rabbit",399.0,59
IA390,Sensevibe,"Vibrador e Estimulador Recarregável Sensevibe Crazy",62.51,59
IA403,Sensevibe,"Cápsula Vibratória Mult. Recarregável Sensevibe All",86.25,61
IA354,Sensevibe,"Vibrador Potente Masculino Recarregável Sensevibe Men",240.0,61
IA434C,Sensevibe,"Masturbador Sensevibe Hand Control",59.0,62
IA434E,Sensevibe,"Masturbador Sensevibe Hand Experience",59.0,62
IA434S,Sensevibe,"Masturbador Sensevibe Hand Speed",59.0,62
IA418,Dona,"Estimulador de Clitóris Recarregável Dona Suck",249.98,62
IA409,Dona,"Vibrador Multivelocidade Dona Intense",248.77,62
IA384,Dona,"Vibrador Multivelocidade Recarregável Dona Rabbit",248.76,62
IA396,Dona,"Vibrador Multivelocidade Recarregável Dona Point",111.27,62
IA413,Dona,"Vibrador e Estimulador Multivelocidade Dona Funny",87.5,62
IA459,Go Play,"Anel Peniano Go Play Tri",59.8,65
IA414,Go Play,"Dildo com Ventosa Go Play Rainbow - 17,4 cm x 3,5 cm",129.0,65
IA436,Go Play,"Dildo com Ventosa Go Play Íris",140.0,65
IA437,Go Play,"Dildo com Ventosa e Vibro Go Play Íris",180.0,65
IA438LA,Go Play,"Dildo com Ventosa Go Play Star",156.0,69
IA438LI,Go Play,"Dildo com Ventosa Go Play Star",156.0,69
IA318,Go Play,"Mini Masturbador Go Play Boy Classic",30.0,69
IA460,Go Play,"Anel Peniano Go Play Duo",59.8,69
IA461,Go Play,"Anel Peniano Go Play Hold",59.8,69
IA463,Go Play,"Anel Peniano Go Play Cape",59.8,69
IA462,Go Play,"Anel Peniano Go Play Tube 86",89.8,69
IA332L,Go Play,"Plug Anal em Silicone Go Play Niu",39.9,69
IA332P,Go Play,"Plug Anal em Silicone Go Play Niu",39.9,69
IA333L,Go Play,"Plug Anal Pequeno em Silicone Go Play Ben - 7,5 x 3 cm",39.9,69
IA333P,Go Play,"Plug Anal Pequeno em Silicone Go Play Ben - 7,5 x 3 cm",39.9,69
IA367,Go Play,"Plug Anal Metal Go Play Sam - Rose Gold",59.0,69
IA392,Go Play,"Plug Anal Metal Go Play Gil Furta-Cor - 7 cm x 2,5 cm",50.0,69
IA368,Go Play,"Plug Anal Metal Go Play Teo - Rose Gold",69.0,69
IA228,Cosméticos & Acessórios,"Plug Anal Metal Butt Cromado - Pequeno 7,2 x 2,5cm",29.0,69
IA229,Cosméticos & Acessórios,"Plug Anal Metal Butt Cromado - Médio  8,2 x 3,3",39.0,69
IA230,Cosméticos & Acessórios,"Plug Anal Metal Heart  Cromado – 6,5 x 3,2cm",36.0,69
IA324,Cosméticos & Acessórios,"Plug Anal Metal Luck Cromado - 6,5 cm x 2,5 cm",52.8,69
IA234,Cosméticos & Acessórios,"Plug Anal Butt Cat Com Cauda Em Pelúcia  Cromado",55.0,69
AS341,Cosméticos & Acessórios,"Gel Excitante Feminino em Gotas My Secret - 15ml",49.8,72
AS083,Cosméticos & Acessórios,"Creme Hidratante Sensual Sexy - 200ml",40.8,72
AS233R,Cosméticos & Acessórios,"Gel Nuru para Massagem Sensual Sensation Gel - 220ml",38.8,75
AS333,Cosméticos & Acessórios,"Desodorante Íntimo Morango - 90ml/50g",52.8,75
AS214,Cosméticos & Acessórios,"Disposição Sexual Masculina Testoviril - 60 Cap",64.8,75
AS222,Cosméticos & Acessórios,"Disposição Sexual Feminina Sex Femme - 60 Cap",64.8,75
EN015,Cosméticos & Acessórios,"Rejuvenescedor do Cabelo, Pele e Unha Beauty Femme – 60 Cap",64.8,75
KA101P,Cosméticos & Acessórios,"Rejuvenescedor do Cabelo, Pele e Unha Beauty Femme – 60 Cap",64.8,75
KA088P,Cosméticos & Acessórios,"Rejuvenescedor do Cabelo, Pele e Unha Beauty Femme – 60 Cap",64.8,75
KA088B,Cosméticos & Acessórios,"Rejuvenescedor do Cabelo, Pele e Unha Beauty Femme – 60 Cap",64.8,75
KA101V,Cosméticos & Acessórios,"Kit Sensual Body Tailandês Kit Sensual Calcinha Tailandesa",60.8,75
KA088V,Cosméticos & Acessórios,"Kit Sensual Body Tailandês Kit Sensual Calcinha Tailandesa",60.8,75
BA031,Cosméticos & Acessórios,"Jogo de Tabuleiro Sensual para Casais Maithuna 76",78.99,75